Continent,Country,City,Radio Station,Description,Website,URL Link,Favourite,Lat,Lng
Europe,UK,London,NTS Radio,"London's cult independent broadcaster. Eclectic, adventurous, anti-algorithm.",https://nts.live,https://stream-relay-geo.ntslive.net/stream,yes,51.52,-0.09
Europe,UK,London,Rinse FM,"Grime, garage, house and UK bass. Heartbeat of London's underground since 1994.",https://rinse.fm,https://admin.stream.rinse.fm/proxy/rinse_uk/stream,,51.53,-0.08
Europe,UK,London,Worldwide FM,"Global grooves curated by Gilles Peterson. Jazz, soul, afrobeat and everything between.",https://worldwidefm.net,https://worldwide-fm.radiocult.fm/stream,yes,51.5,-0.12
Europe,UK,Bristol,Noods Radio,Bristol's fiercely independent station. Community-first and boundary-pushing since 2018.,https://noodsradio.com,https://noods-radio.radiocult.fm/stream,,51.45,-2.6
Europe,UK,London,Resonance Extra,Arts radio broadcasting experimental and avant-garde programming since 2002.,https://resonancefm.com,https://stream.resonance.fm/resonance-extra,,51.5,-0.09
Europe,UK,Brighton,1BTN,"Brighton's underground community station. Multi-genre, zero commercial pressure.",https://1btn.fm,https://edge.clrmedia.co.uk/obfm_mp3,,50.82,-0.14
Europe,UK,London,Voices Radio,"Broadcasting from Coal Drops Yard, King's Cross. Social issues, diversity and music.",https://voicesradio.co.uk,https://voicesradio.out.airtime.pro/voicesradio_a,,51.54,-0.12
Europe,UK,London,Soho Radio,Broadcasting from the heart of Soho since 2015. Eclectic music from London's most creative neighbourhood.,https://sohoradio.com,http://sohoradiomusic.doughunt.co.uk:8000/320mp3,,51.51,-0.13
Europe,UK,London,Aaja Music,London music bar turned streaming space. Intimate live sets broadcast to the world.,https://aaja.app,https://aaja-2.radiocult.fm/stream,,51.52,-0.08
Europe,UK,London,Netil Radio,"Community radio from a shipping container in London Fields, Hackney.",https://netilradio.com,https://netilradio.out.airtime.pro/netilradio_a,,51.54,-0.06
Europe,UK,London,Do!! You!!! Radio,London community radio where music discovery comes first. Pure love of music.,https://doyouworld.com,https://doyouworld.out.airtime.pro/doyouworld_a,,51.53,-0.1
Europe,Scotland,Glasgow,Subcity Radio,Independent station from the University of Glasgow. Student-run and fiercely non-commercial since 1996.,https://subcity.org,https://stream.subcity.org/listen,,55.87,-4.28
Europe,Ireland,Dublin,Dublin Digital Radio,"Ireland's independent underground station. Arts, music and community from the Irish capital.",https://www.dublindigitalradio.com,https://dublin-digital-radio.radiocult.fm/stream,,53.34,-6.27
Europe,France,Paris,FIP,"France's most eclectic radio. Jazz, soul, world — no genre barriers, no ads. An institution.",https://radiofrance.fr/fip,https://icecast.radiofrance.fr/fip-midfi.mp3,,48.87,2.35
Europe,France,Montpellier,Pinata Radio,Montpellier's colourful independent radio. Eclectic electronic music and festive vibes from the South.,https://pinataradio.com,https://listen.radioking.com/radio/96031/stream/906306,yes,43.61,3.87
Europe,France,Lyon,LYL Radio,"Lyon's cult independent station. Disco, experimental, techno and world — live since 2018.",https://lyl.live,https://icecast.lyl.live/live,yes,45.75,4.85
Europe,France,Grenoble,RTL3,"Radio indépendante au Couvent des Minimes, Grenoble. Musiques électroniques et scène locale alpine.",https://rtl3.fr,https://rtl3.radiocult.fm/stream,yes,45.188,5.724
Europe,France,Paris,Le Mellotron,"Parisian global music radio since 2007. Soul, jazz, funk, world — always exigeant.",https://lemellotron.com,https://listen.radioking.com/radio/477719/stream/534044,,48.87,2.36
Europe,France,Nantes,Radio DY10,"Nantes-based station. Balearic, tropical sounds, dance music and trippy electronic.",https://radiody10.com,http://flux.radiody10.com:8000/fallback,,47.22,-1.55
Europe,France,Marseille,Radio Grenouille,"Marseille's eclectic free radio since 1981. World music, jazz and Mediterranean culture.",https://radiogrenouille.com,https://live.radiogrenouille.com:8443/live,,43.3,5.38
Europe,Belgium,Brussels,Kiosk Radio,"Brussels' eclectic broadcast from the Bozar kiosk. Community, arts and rare sounds.",https://kioskradio.com,https://kioskradiobxl.out.airtime.pro/kioskradiobxl_b,yes,50.85,4.36
Europe,Belgium,Antwerp,Radio Centraal,Community radio from Antwerp since 1980. One of Belgium's oldest independent stations.,https://radiocentraal.be,http://mediaserv30.live-streams.nl:8015/tunein/centraal,,51.22,4.4
Europe,Netherlands,Tilburg,Intergalactic FM,"Electro, techno and cosmic sounds. No compromises, pure machine music.",https://intergalactic.fm,http://radio.intergalactic.fm/2,,51.56,5.09
Europe,Germany,Berlin,Cashmere Radio,"Berlin experimental community radio. Art, discourse and left-field sounds since 2015.",https://cashmereradio.com,http://cashmereradio.out.airtime.pro:8000/cashmereradio_b,,52.49,13.45
Europe,Germany,Berlin,90mil Radio,"Independent platform amplifying underrepresented voices in Berlin's sonic landscape. Supporting femme and queer artists, storytellers and activists through experimental arts and sound.",https://radio.90mil.berlin,https://neunzugmilradio.out.airtime.pro/neunzugmilradio_a,yes,52.51,13.4
Europe,Germany,Munich,Radio 80000,Munich's independent underground station. Electronic music and club culture from Bavaria.,https://80000.de,https://radio80k.out.airtime.pro:8000/radio80k_a,,48.14,11.58
Europe,Germany,Berlin,Reboot FM,"Free artist radio from Berlin. Art, discourse and electronic music since 2005.",https://reboot.fm,https://stream.reboot.fm/listen/reboot.fm/radio.mp3,,52.5,13.41
Europe,Germany,Berlin,Refuge Worldwide,Community radio from Berlin-Neukölln in solidarity with grassroots organisations.,https://refugeworldwide.com,https://streaming.radio.co/s3699c5e49/listen,yes,52.47,13.44
Europe,Germany,Halle,Radio Corax,Free non-commercial radio from Halle. 300 volunteer contributors.,https://radiocorax.de,http://streaming.fueralle.org:8000/corax.mp3,,51.48,11.97
Europe,Portugal,Lisbon,Rádio Quântica,Lisbon's community radio since 2015. Safe haven for underground artists and activists.,https://radioquantica.com,https://libretime.radioquantica.com/main.mp3,yes,38.72,-9.14
Europe,Italy,Milan,Radio Raheem,Milan's cosmopolitan independent radio. A richly curated journey across all genres.,https://radioraheem.it,https://radioraheem.out.airtime.pro/radioraheem_b,yes,45.46,9.19
Europe,Italy,Bologna,NEU Radio,"Bologna's cultural hub radio. Afrobeats to indie rock, always with an Italian edge.",https://neu.radio,https://nr9.newradio.it/proxy/ebaruffa?mp=/stream,,44.49,11.34
Europe,Poland,Warsaw,Radio Kapitał,Warsaw's experimental community radio. Avant-garde and Polish underground since 2019.,https://radiokapital.pl,https://radiokapitalpl.out.airtime.pro/radiokapitalpl_a,,52.23,21.01
Europe,Denmark,Copenhagen,The Lake Radio,Copenhagen's independent station. Carefully programmed music and cultural programming.,https://thelakeradio.com,https://thelakeradio.radioca.st/stream,,55.68,12.57
Europe,Sweden,Malmö,Retreat Radio,Malmö's independent electronic station. A retreat from mainstream broadcasting.,https://retreatradio.com,http://retreatradio.out.airtime.pro:8000/retreatradio_b,,55.6,13
Europe,Estonia,Tallinn,IDA Radio,Tallinn-via-Helsinki community radio. Underground music from the Baltics.,https://idaradio.com,https://cdn05.radio.cloud:8128/AIDA-OMNIA-GAI,,59.44,24.75
Europe,Ukraine,Kyiv,20ft Radio,Kyiv's underground music station. Resilient cultural broadcasting from Ukraine.,https://20ftradio.com,https://20ft-radio.radiocult.fm/stream,,50.45,30.52
Asia,Georgia,Tbilisi,Mutant Radio,Tbilisi's independent experimental station. Underground music from the Caucasus.,https://mutantradio.net,https://listen.radioking.com/radio/282820/stream/328621,,41.69,44.83
Europe,Greece,Athens,Movement Radio,Athens' independent underground radio. Electronic music and counterculture.,https://movementradio.gr,https://movementathens.out.airtime.pro/movementathens_a,,37.98,23.73
Asia,Palestine,Bethlehem,Radio Alhara,"Neighbourhood radio from Palestine. Diaspora voices, Arabic music and community spirit.",https://radioalhara.net,https://stream.radiojar.com/78cxy6wkxtzuv,yes,31.7,35.2
Africa,Ghana,Accra,Oroko Radio,Not-for-profit community radio from Accra. Connecting African and diasporic voices globally.,https://oroko.live,https://oroko-radio.radiocult.fm/stream,,5.56,-0.2
Oceania,Australia,Sydney,Triple J,Australia's national youth broadcaster. Australian artists and alternative music.,https://abc.net.au/triplej,http://abc.streamguys1.com/live/triplejnsw/icecast.audio,,-33.87,151.21
Oceania,Australia,Sydney,FBi Radio,Sydney's independent community station. Arts-driven and deeply local.,https://fbiradio.com,https://streamer.fbiradio.com/stream,,-33.88,151.2
Oceania,Australia,Melbourne,Skylab Radio,Melbourne community radio for experimental and electronic music.,https://skylabradio.com.au,http://stream.skylab-radio.com:8000/live,,-37.81,144.96
Oceania,New Zealand,Wellington,RNZ Concert,New Zealand's classical and arts broadcaster. Elegant programming from the Pacific.,https://rnz.co.nz/concert,http://radionz-ice.streamguys.com/Concert_aac128,,-41.29,174.78
North America,USA,New York,The Lot Radio,Brooklyn's outdoor broadcast from a parking lot. Diverse and adventurous programming.,https://thelotradio.com,https://livepeercdn.studio/hls/85c28sa2o8wppm58/index.m3u8,,40.72,-74.01
North America,USA,Seattle,KEXP,Seattle's legendary independent music radio. Home to the best live sessions online.,https://kexp.org,https://kexp-mp3-128.streamguys1.com/kexp128.mp3,,47.62,-122.35
North America,USA,Los Angeles,Dublab,"Future roots music from LA. Organic, exploratory and non-commercial since 1999.",https://dublab.com,http://dublab.out.airtime.pro:8000/dublab_a,,34.05,-118.24
North America,USA,San Francisco,SOMA FM,Listener-supported commercial-free streams. Multiple channels of hand-curated electronica.,https://somafm.com,https://ice1.somafm.com/groovesalad-128-mp3,yes,37.78,-122.42
North America,USA,New York,Radio Free Brooklyn,"Non-profit community station from Brooklyn since 2015. Underground bands, indie artists.",https://radioFreebrooklyn.com,http://us1.internet-radio.com:8155/live,,40.71,-73.94
North America,USA,Portland,X-Ray FM,"Portland's community radio curated by locals — journalists, comedians, musicians.",https://xray.fm,https://listen.xray.fm/stream,,45.52,-122.67
North America,USA,New York,Newtown Radio,"Brooklyn community radio from a neighbourhood record shop. Local artists, global music.",https://newtownradio.com,https://streaming.radio.co/s0d090ee43/listen,,40.71,-73.93
North America,USA,New York,8 Ball Radio,NYC artist collective broadcasting electronic music and leftfield culture 24/7.,https://8ballradio.nyc,https://eightball.out.airtime.pro/eightball_b,,40.73,-73.99
North America,USA,Paradise,Radio Paradise,"Eclectic freeform radio mixing rock, world and indie. Listener-supported since 2000.",https://radioparadise.com,https://stream.radioparadise.com/aac-320,,39.76,-121.6
North America,Canada,Montreal,CKUT,McGill University's non-commercial community radio. Multilingual and radically open.,https://ckut.ca,https://ckut.out.airtime.pro/ckut_a,,45.5,-73.58
,Mexico,Mexico City,Radio IPN,"La comunidad politécnica se conecta con su voz. La academia, la educación, la ciencia, el deporte y la cultura.",https://www.ipn.mx/radio/,https://broadcast.radio.ipn.mx/RadioIPN,,19.43,-99.13
,Mexico,Mexico City,Ibero 909,A Ibero 90.9 le gusta la música ecléctica y alternativa que no suena en los medios convencionales. No usamos algoritmos ni catálogos aleatorios. Cada canción que tocamos está curada a mano.,https://ibero909.fm/,https://noasrv.caster.fm:10182/live,,19.42,-99.16
,Mexico,Mexico City,El Recreo FM,Música y Cultura,https://elrecreo.fm/radio,https://stream.zeno.fm/wju2nzhalbztv,yes,19.44,-99.12
South America,Brazil,Rio de Janeiro,Rádio Batuta,"Brazilian cultural radio. MPB, jazz and samba with deep care.",https://radiobatuta.ims.com.br/,https://radioims.out.airtime.pro/radioims_a,yes,-22.9,-43.18
South America,Argentina,Buenos Aires,Vorterix,Buenos Aires' leading rock and alternative station. Voice of Argentine underground culture.,https://vorterix.com,https://ice2.edge-apps.net/radio1_high-20057.audio,,-34.61,-58.37
Asia,Thailand,Bangkok,Bangkok Community Radio,"Eclectic mix of local Thai and international DJs — house, techno, South East Asian grooves, funk and dub. The good stuff.",https://www.bangkokcommunityradio.com/,https://bcr.radiocult.fm/stream,,13.75,100.52
,Ecuador,Guayaquil,Radio Rumba,Rumba Rumba Rumba,http://radiorumba.fm/,https://streamingecuador.net:8078/radiorumbanetwork,,-2.18,-79.88
,Nigeria,Lafia,Nasarawa Broadcasting Service,???,https://www.radio-nigeria.com/nasarawa-broadcasting-service-lafia-nbs,https://nbsradio1.radioca.st/;,yes,8.49,8.52
South America,Argentina,Oncativo,Radio Oncativo,User-added station.,,https://01.solumedia.com.ar:9058/stream,,-31.92,-63.68
Europe,Spain,Madrid,Radio Relativa,"Since 2018. Radio Relativa is a community, independent, and experimental platform dedicated to promoting and connecting diverse artists and cultural initiatives from Madrid to the world.",https://radiorelativa.eu/,https://streamer.radio.co/sd6131729c/listen,yes,40.42,-3.7
South America,Argentina,Buenos Aires,Radio Caso,"Radio CASo es una plataforma de investigación y experimentación a través del sonido y la escucha, basada en Buenos Aires, Argentina. Fue fundada en el 2020 entre los programas culturales del Centro de Arte Sonoro y hoy continua su actividad de manera independiente.",https://www.radiocaso.xyz/agenda,https://stream.radiojar.com/34efk49zvncwv,yes,-34.61,-58.37
South America,Brazil,Sao Paulo,Mutante Rádio,A Casa do Underground!,https://www.mutanteradio.com/,https://s30.maxcast.com.br:8190/live?id=536069974467,,-23.55,-46.63
,Chile,Temuco,Radio Kurruf,"From 2015 Radio Kvrruf es un medio de comunicación social, comunitario, libre y autónomo, difundimos información a través plataformas digitales y redes sociales, cubriendo hechos y situaciones asociadas a reivindicaciones sociales, defensa del territorio y la vida, promoción y defensa de los Derechos Humanos, y la búsqueda del buen vivir.",https://radiokurruf.org/,https://radio.latina.red/radiokurruf.mp3,yes,-38.74,-72.6
,Paraguay,Asuncion,Radio Siete,User-added station.,https://www.siete.com.py/,https://rss1.siete.com.py:9433/stream,,-25.28,-57.64
,Bolivia,La Paz,Radio Deseo,"Radio Deseo está abierta a toda propuesta radial que tenga como base: no al machismo ni la misoginia, no a la homofobia, no al racismo, no al clasismo, respeto al aborto y respeto a las mujeres en situación de prostitución.",https://radiodeseo.com/,https://conectperu.com/8396/stream,,-16.5,-68.15
,Bolivia,El Alto,Wayna Tambo,"Radio Intercultural y Comunitaria de la Red de la Diversidad que busca contribuir a la reconfiguración y vigorización de lo comunitario en Bolivia, desde la perspectiva del Vivir Bien como horizonte civilizatorio alternativo, y la Plurinacionalidad...",https://radiowaynatambobolivia.blogspot.com/,https://s2.myradiostream.com/5038/listen.mp3,,-16.5,-68.18
,Peru,Lima,Radio Filarmonía,"Radio Filarmonía, una emisora peruana muy querida, se dedica a la música clásica y a la promoción de la cultura. Su programación incluye una gran variedad de contenidos, como conciertos en vivo, entrevistas a músicos y compositores destacados, y programas educativos y culturales que enriquecen la vida de sus oyentes.",https://www.radiosdelperu.com.pe/radio-filarmonia,https://c22.radioboss.fm:8100/stream,,-12.05,-77.04
South America,Brazil,Sao Paulo,Veneno,"Created in 2018, Veneno was born from the idea of ​​unifying and solidifying the most diverse cultural initiatives. Based in downtown São Paulo, the radio today broadcasts a wide range of programs, dialoguing with different aesthetics and concepts.",https://veneno.live/,https://stream.zeno.fm/dy417tqqmd0uv,,-23.55,-46.63
,Colombia,Quibdó,Areito Stéreo,"Areito, Danza que los habitantes aborígenes de las Antillas Mayores acompañaban con cantos durante sus fiestas y ritos religiosos. Su grupo objetivo es hombres y mujeres mayores de 30 años de estrato socio económico bajo, medio y alto.",http://www.areito.com.co/,https://estructuraweb.com.co:9207/live,yes,5.69,-76.66
,Colombia,Bogotá,"Javeriana Estéreo 91,9","Cuando empezó a funcionar, el 7 de septiembre de 1977, la entonces llamada Emisora Javeriana se convirtió en la primera estación radial universitaria en la banda de FM en el país y también la primera de su género en Bogotá.",https://javerianaestereo.com/player-javeriana-estereo,https://radio06.cehis.net/proxy/javerian?mp=%2Fstream,,4.71,-74.07
,Venezuela,Caracas,La Salsera FM,"Orientada a los seguidores de los ritmos tropicales, La Salsera FM presenta una propuesta radial que explora las diferentes facetas de la salsa. En su catálogo musical convergen estilos variados que van desde la salsa romántica y melódica, centrada en las letras, hasta los ritmos más percusivos y tradicionales orientados al baile. Este enfoque integral permite a la emisora conectar tanto con el oyente casual como con el aficionado más conocedor.",https://lasalserafm2.webnode.page/,https://stream.zeno.fm/4qbzbrvdmy8uv,,10.48,-66.88
,Syria,As-Suwayda,Rayan FM,"Radio Al Rayyan is the first private radio that offers diverse content that covers the various interests of society and focusses on reviving heritage, starting from the heart of the city of Sweida to extending on the map in southern Syria. It provides the listener and the follower with a radio service that depends on accuracy and objectivity. It was founded in 2009 and since its establishment, it was considered the first station of its kind, which specialised in its launch to revive heritage and popular heritage.",https://rayanfm.net/,https://a13.asurahosting.com/listen/r_fm/radio.mp3,yes,32.71,36.57
,Suriname,Paramaribo,Radio Rapar,Suriname Weird Station,https://www.dbsuriname.com/?radio=rapar,https://audio-edge-es6pf.mia.g.radiomast.io/d7e8093b-6a7e-4442-a096-37f259cb7092,,5.85,-55.2
,Guyana,Georgetown,NTN Radio FM,Bolywood in south america. No idea why.. Let’s go,https://onlineradiobox.com/gy/ntnradio/,https://auds1.intacs.com/ntnradio,,6.8,-58.16
,Panama,Aguadulce,Radio Vox 103.5 FM,"La convergencia digital de música, tecnología y tendencias. Donde el sonido cobra vida.",https://vox1035laradio.com/,https://cast1.my-control-panel.com/proxy/voxlarad/stream,,8.44,-80.55
,Costa Rica,Palmar Norte,Osa Radio Online,Transmitiendo desde el SUR SUR para todo el mundo,https://onlineosaradio.blogspot.com/,https://radioscr.digitaltvcr.xyz/listen/osaonline/osaradio,,8.95,-83.46
,Panama,Panama City,Radio Maria,"Radio María es un instrumento de la nueva evangelización que se pone al servicio de la Iglesia del Tercer Milenio, como emisora católica comprometida en el anuncio de la conversión a través de una parrilla de programación que ofrece una amplio espacio a la oración, a la catequesis y a la promoción humana.",https://radiomaria.pa/,https://dreamsiteradiocp2.com/proxy/rmpanama2?mp=/stream,,8.99,-79.52
,Costa Rica,Santiago De Puriscal,Radio Cultural De Puriscal,"Un espacio de historias de éxito y superación; que tiene como propósito resaltar e incentivar los valores propios de nuestros pueblos y sus actores. La producción está a cargo de la periodista Jemima Estrada Palacios, junto a Radio Cultural de Puriscal 88.3 FM, para todos ustedes. ¡Esperamos que lo disfruten!",https://www.radioculturaldepuriscal.com/,https://stream.zeno.fm/ucos1vhzikbtv,,9.83,-84.32
,Nicaragua,Bluefields,Bluefields,"The Best Country Reggae, Soca, Reggae, And More",,https://a10.asurahosting.com:8570/radio.mp3/;,yes,11.99,-83.77
,Nicaragua,Managua,Nicaragua Dancehall,Dancehall todo el día y toda la noche,http://nicaraguareggae.com/,https://stream.zeno.fm/frfely84cjguv,yes,12.15,-86.28
,Nicaragua,Camoapa,Radio Camoapa,"Radio Camoapa es una emisora comunitaria, establecido una fuerte relación con la comunidad, permitiéndole afianzarse como el medio de comunicación de mayor impacto en la región central del país y ser una de las emisoras más importantes de Nicaragua.",https://radiocamoapa.com/quienes-somos/,https://c30.radioboss.fm:18546/radiocamoapa,,12.39,-85.52
,Honduras,Talanga,Subterraneo Americal,Subterráneo Americal noticias Rock & Metal en todas su vertientes.,https://subterraneoamerical.com/,https://custom-azura1.asurahosting.com/listen/subterraneo_americal_radio/radio.mp3,,14.42,-87.08
Europe,Spain,Madrid,Radio 3 RNE,"Spain's beloved public indie station. Alternative, experimental, Spanish music since 1979.",https://rtve.es/radio/radio3,https://rtvelivestream.rtve.es/rtvesec/rne/rne_r3_main.m3u8,,40.42,-3.7
Europe,Spain,Madrid,Radio Gladys Palmora,"En Radio Gladys Palmera nos gustan los ritmos con mucha personalidad, música con olor y sabor intensos, que suene distinguible, contundente y, porqué no, que sea arriesgada.",https://gladyspalmera.com/,https://streams.radio.co/s496c4d2e8/listen,yes,40.42,-3.7
,Honduras,Tegucigalpa,Meow Club 91,User-added station.,https://thenonstopradio.com/radio/meow-club-91-radio,https://stream.zeno.fm/0chh40kgdwzuv?rj-ttl=5&rj-tok=AAABfAK1xvMAyZ0wO9HSPLNGOA,,14.08,-87.21
,El Salvador,San Salvador,Arpas,"Incidir conjuntamente con los sectores populares en la construcción de una sociedad democrática, equitativa y sustentable, a través de la comunicación participativa y alternativa y la educación popular.",https://arpas.org.sv/,https://stream.codigosur.org/arpas.mp3,,13.7,-89.22
,Guatemala,Guatemala,Radio Santa Cruz,"La voz católica de la Diócesis de Huehuetenango, ubicada en San Ildefonso Ixtahuacán. Evangelizamos, informamos y acompañamos con fe, esperanza y amor.",https://radiosantacruzsanildefonso.com/,https://servidor26.brlogic.com:7014/live,,15.5,-91.52
,Guatemala,Quetzaltenango,Vibra FM,Somos una empresa con radios lideres en distintos puntos del País; Somos su mejor solución en publicidad para su empresa. Para contactarnos por favor puedes hacerlo por las siguientes vías,https://www.corporacionradialfm.com/vibrafm,https://ice12.fluidstream.net/playstudio.aac,,14.83,-91.52
,Guatemala,Nebaj,Nebaj Stereo FM,"Nebaj Estéreo es una radio de gusto musical popular llegando a todo el público en general sin importancia de edad, nuestra experiencia en hacer de la radio algo diferente con nuestros segmentos musicales para todos los gustos, nuestros fieles oyentes nos recomiendan desde nuestro municipio en Nebaj, Quiche Fundada el 7 de octubre de 1999 siendo una emisora popular en nuestro municipio y sus aldeas.",https://nebajstereoradioytv.com/,https://radio.garden/api/ara/content/listen/LNhKzLW1/channel.mp3,yes,15.4,-91.12
,Jamaica,Kingston,Alpha Boys School Radio,"ABSR was launched in 2013 with support from WXGR LP Dover (New Hampshire, USA) and Gritty, LLC, a non-profit led by Michael Wadleigh, Oscar-winner for the 1970 music documentary ""Woodstock"".",http://www.alphaboysschoolradio.com/,http://alphaboys-live.streamguys1.com/alphaboys.mp3,,17.99,-76.79
,Jamaica,Black River,GT Reggae Radio,"Station Info, GT Reggae Radio was started in 2020 by GT Taylor as a support for the people of Jamaica and the World to ease the stress of the pandemic.   GT Taylor has been a Reggae Radio Announcer/Presenter in Jamaica, W.I. for nearly 30 years. He can be heard on Reggae Radio with two popular Reggae & Dancehall programs every week. GT Taylor has been keeping listeners in Jamaica, also Worldwide listeners through the Internet, glued to his broadcasts with his magnetic vibes and an energy that is hard to compare.",https://www.gtreggaeradio.live/i,https://radio.garden/api/ara/content/listen/Sxv8VfCU/channel.mp3,yes,18.02,-77.85
,Cuba,Santa Clara,Estéreo Centro,"Emisora cubana que opera desde Santa Clara en el dial 93.5 FM y en internet, proporcionando una programación predominantemente informativa en la que encontramos segmentos con notas locales y regionales, deportes, cultura y la última hora en asuntos de relevancia internacional.",https://radioestereocentro.blogspot.com/,https://radio.garden/api/ara/content/listen/EkZHPhCF/channel.mp3,yes,22.41,-79.97
,Haiti,Delmas,Alter Radio,AlterRadio est une station du Groupe Médialternatif,https://www.alterradio.org/,https://stream.zeno.fm/s096v26gfrruv,,18.54,-72.3
,Dominican Republic,Santo Domingo,Radio Seybo,"Radio Seybo surge como un medio de comunicación al servicio de la evangelización el 4 de agosto de 1974, cuando la Orden de Predicadores adquiere el 100% de las acciones de sus antiguos propietario los Hermanos Cepeda de Hato Mayor, quienes fundaron a Radio Seybo el 1 de agosto de 1972 y mantuvieron esta estación como un medio comercial durante dos años.",https://www.radioseibo.org/,https://radioseibo.dominicos.org:8443/radio.ogg,,18.47,-69.95
South America,Argentina,Buenos Aires,FM La Tribu 88.5,LGTBIQ+ and antifascist cultural community radio from Buenos Aires.,http://www.fmlatribu.com.ar/,https://icecast.zeclogiccloud.com.de/fmlatribu,,-34.6096,-58.3888
,Belize,Yemeri Grove,Bible College Radio,Preparing the next generation to know Christ and make Him known!,https://belizebiblecollege.com/,https://radio.garden/api/ara/content/listen/VLzrcKi4/channel.mp3,,16.1724,-88.8968
,Belize,Belize City,Radio Restauracion de Vida,"Emisora de Radio, Dedicados a predicar el Evangelio de Jesucristo para salvación de aquellos que a?",https://www.facebook.com/Radio.Restauracion.De.Vida/,https://radio.garden/api/ara/content/listen/qErcbTH3/channel.mp3,,17.5003,-88.1989
,Belize,Big Falls,Grace Frequency,Grace frequency Radio is committed in broadcasting the Gospel accompanied by worship music online 24/7.,https://www.gracefrequencyradio.com/,https://radio.garden/api/ara/content/listen/QFgoybuX/channel.mp3,,16.2579,-88.8847
,Cuba,la habana,Radio Habana Cuba,"Radio Habana Cuba es la emisora internacional más famosa de Cuba, que empezó a emitir el 1 de mayo de 1961 con el nombre de ""Onda Corta Experimental de Cuba"".",https://www.radiohc.cu/,https://icecast.teveo.cu/McW3fLhs,,23.1353,-82.359
,Cuba,Vedado,Radio Rebelde,"Radio Rebelde es una emisora de radio cubana fundada el 24 de febrero de 1958, por el comandante cubano-argentino Ernesto Che Guevara, en el sitio Pata de la Mesa (donde se encontraba la comandancia del Che), ubicado en Altos de Conrado, en la Sierra Maestra.",https://www.radiorebelde.cu/frecuencia-fm/,https://icecast.teveo.cu/zrXXWK9F,yes,23.1364,-82.388
,Cuba,Unknown,Radio Enciclopedia,Une emisora para todos los momentos de la vida,https://www.radioenciclopedia.cu/audio-real/,https://icecast.teveo.cu/9Rnrbjzq,,23.0131,-80.8329
North America,United States,Miami,Jolt Radio,"Founded in 2010 as a non for profit online radio station focused on getting eclectic music and content to your ears. We support local, national, and international independent artists, producers, radio hosts and DJ’s.",https://www.joltradio.org/,https://streamer.radio.co/sd8ab6b5aa/listen?nocache=1779377092570,,25.7742,-80.1936
North America,United States,Miami,Mad Radio Miami,"Founded in 2017, Mad Radio transcends being just a brand; we are a vibrant community of music enthusiasts, creators, and digital fans. From the lively streets of Medellín, the artistic vibes of Barcelona and Bogotá to the dynamic city of Miami, we bring a unique experience to each location.",https://madradio.co/,https://c25.radioboss.fm/stream/193,,25.7742,-80.1936
North America,USA,Detroit,WDET FM,"For over 70 years, WDET has provided an independent voice for the Detroit region. Founded by the United Auto Workers in 1948, Wayne State University has held WDET’s license since 1952 to serve in the public interest.",https://wdet.org/,https://wdet.cdnstream1.com/4550_256.aac?esPlayer&cb=893951.m4a,,42.3316,-83.0466
North America,USA,Chicago,Lumpen Radio,"Lumpen Radio is a community radio station located in the Bridgeport neighborhood of Chicago. Launched in 2016, WLPN-LP is fueled by our small staff and a dedicated community of volunteers, including DJs, curators, producers, writers, and organizers, all committed to connecting you with the ideas and music we think you will love.",https://lumpenradio.com/,https://radio.mensajito.mx/lumpenradio,,41.8756,-87.6244
,Mexico,Mexico City,Radio Nopal,"Radio Nopal es una estación de radio colectiva, independiente y autogestiva que transmite por internet desde la Ciudad de México. Como espacio que resiste, es una plataforma de convergencia que nos permite construir una comunidad diversa y potenciar la creatividad de las personas que participan en ella.",https://www.radionopal.com/,https://radio.mensajito.mx/nopalA,yes,19.3208,-99.1515
,Bahamas,freeport,KLPM FM,"Kingdom Living Publications & Media Ltd. is an esteemed multimedia powerhouse, strategically located in Freeport, Grand Bahama.",https://www.klpmradio.com/,https://s4.radio.co/s440e54fd7/listen,,26.5357,-78.6954
Europe,Austria,Linz,Radio FRO,"Free radio Oberösterreich — Linz's open-access community station since 1998. Culture, politics and civil society in many languages.",https://www.fro.at,https://stream.fro.at/fro-128.ogg,,48.31,14.29
Europe,Austria,Graz,Radio Helsinki,"Graz's free radio since 1995. Socially critical, culturally diverse, made by volunteers — no ads, no playlists.",https://helsinki.at,https://live.helsinki.at:8088/live160.mp3,,47.07,15.44
Asia,China,Hong Kong,Hong Kong Community Radio,Open platform for Hong Kong's creatives and the diaspora. Experimental and club sounds from the city.,https://hkcr.live,https://stream.hkcr.live/audio/stream.m3u8,,22.28,114.16
Europe,Croatia,Zagreb,Zabrij Radio,"Sharing Balkan culture, music and stories beyond borders — novi val, rock, funk and experimental from Zagreb.",https://www.zabrijradio.org/,https://zabrij-radio.radiocult.fm/stream,,45.81,15.98
Europe,Finland,Helsinki,IDA Radio Helsinki,Community radio connecting Helsinki and Tallinn. Underground music and culture across the gulf.,https://idaidaida.net,https://broadcast.idaidaida.net:8000/stream,,60.17,24.94
Europe,Hungary,Budapest,Lahmacun Radio,Budapest's online music and culture radio. Eclectic community programming with a distinct visual identity.,https://lahmacun.hu,https://streaming.lahmacun.hu/listen/lahmacun_radio/radio.mp3,,47.48,19.15
Europe,Hungary,Budapest,Tilos Rádió,"Budapest's legendary free radio since 1991. Born as a pirate station, still non-profit, volunteer-run and fiercely independent.",https://tilos.hu,https://stream.tilos.hu/tilos,,47.49,19.06
Asia,Indonesia,Bali,Paddygrooves Radio,"Imaginary home for lovers and record collectors based in Bali. Vinyl-driven, eclectic island grooves.",https://paddygrooves.radio,https://a12.siar.us/radio/8230/radio.mp3,,-8.23,115.19
Africa,Kenya,Nairobi,Calotropis,"Nairobi's independent online radio. Diverse, eclectic programming from Kenya's creative scene.",https://calotropis.xyz,https://radio.calotropis.xyz:8000/radio.mp3,,-1.3,36.83
Europe,Lithuania,Vilnius,Palanga Street Radio,Vilnius community radio with a strong DIY ethos. Baltic underground sounds and local voices.,https://palanga.live,https://stream.palanga.live:8443/palanga128.mp3,,54.69,25.28
Europe,Norway,Oslo,RadiOrakel,"The world's oldest feminist radio, broadcasting from Oslo since 1982. Music, journalism and radio drama from the Blitz house.",https://radiorakel.no,https://stream.radiorakel.no/fm993.mp3,,59.91,10.74
Europe,Romania,Bucharest,Black Rhino Radio,"Romania's only online community radio, started in 2021. A platform for Bucharest's underground with 120+ broadcasters.",https://blackrhinoradio.com/,https://blackrhinoradio.out.airtime.pro/blackrhinoradio_a,,44.44,26.1
Europe,Serbia,Belgrade,Radio Aparat,"Belgrade community radio broadcasting from an adapted garage — ""radio as an apparatus"". Eclectic music and talk.",https://radioaparat.com,https://stream4.rcast.net/72355/,,44.82,20.45
Africa,South Africa,Cape Town,Pan African Space Station,Periodic pop-up live radio studio and research platform by Chimurenga. Pan-African sounds and archival treasures.,https://panafricanspacestation.org.za,https://pass.out.airtime.pro/pass_a,,-33.93,18.42
Europe,Switzerland,Zurich,Radio LoRa,"Switzerland's oldest community radio. Non-commercial, multilingual and activist since 1983.",https://www.lora.ch,https://livestream.lora.ch/lora.mp3,,47.37,8.54
Europe,Switzerland,Aarau,Kanal K,Community and training radio for Aargau/Solothurn. Curated music and shows in 20 languages.,https://www.kanalk.ch/,https://play.kanalk.ch/kanalk/mp3-192/,,47.39,8.06
Europe,Turkey,Istanbul,Radyo Modyan,Istanbul internet radio — a bumpy journey between source and listener. Turkish underground and eclectic sounds.,https://modyan.com/,https://stream.radio.co/s55d598f42/listen,,41.01,28.98
Asia,United Arab Emirates,Sharjah,SAF Radio,"Sharjah Art Foundation's online radio. Music, voices and stories from the region — bilingual and intentional.",https://www.sharjahart.org/en/saf-radio/,https://s4.radio.co/s2c42e3ef5/listen,,25.36,55.39
North America,USA,New Orleans,Bvlbancha Liberation Radio,"Indigenous-led micro-grid community station from Bulbancha (New Orleans). Diverse, decolonial programming.",https://bvlbancharadio.net/,http://cast6.asurahosting.com:7236/stream,,29.96,-90.07
Asia,Japan,Zushi,Shonan Beach FM,"Seaside community radio from Zushi-Hayama on Sagami Bay since 1993. Jazz, bossa and easy grooves with ocean air.",https://www.beachfm.co.jp,https://shonanbeachfm.out.airtime.pro/shonanbeachfm_a,,35.3,139.58
Europe,Greece,Athens,Parea Radio,Independent community radio rooted in Athens. Curated weekly shows connecting sounds and people from everywhere.,https://parearadio.com/,https://parea-radio-b7474105.radiocult.fm/stream,,38.01,23.69
Europe,Ukraine,Lviv,Radio Skovoroda,"Lviv's independent online radio named after the wandering philosopher. Ukrainian music, culture and conversation.",https://radioskovoroda.com,https://stream.radioskovoroda.com:8443/radioskovoroda,,49.84,24.03
North America,Mexico,Cholula,Radio 28,"Radio veintiocho: es una plataforma donde se busca difundir al talento musical emergente, por vía de transmisiones en vivo y shows de radio donde se comparte música y cultura, transmitiendo desde San Andrés Cholula, Mx.",https://www.radio28.net/,https://s6.myradiostream.com:49833/listen.mp3?0.22448076030232256,,19.0678244,-98.3106315
North America,Cuba,Nueva Gerona,Radio Caribe,"La emisora Radio Caribe, es la única de su tipo existente en el Municipio Especial Isla de la Juventud, a ella se le adjunta la radio Base de Cocodrilo en el sur del territorio pinero.",https://www.radiocaribe.icrt.cu/,https://icecast.teveo.cu/dXhtHs4P,,21.88,-82.8
